sent_mean_pos,sent_mean_neg,sent_pos_ratio,sent_score_w
0.593294278841191,0.25770699576868383,0.3787878787878788,0.3355872822855641
